Output,ICC
1,0.35731921963332497
2,0.8612854080847309
3,0.8217870818806348
4,0.5371497374558816
