Output,ICC
1,0.3668029968179097
2,0.8663830937821618
3,0.8213604714841731
4,0.5409985320337862
