Output,ICC
1,0.3744909015548813
2,0.8563755133173004
3,0.8186592642586161
4,0.5031752367032407
